edgeLabel,locationA,locationB,actualDistance,Theme1,Theme2,Theme3,Utility,Contributer,Notes
Nashville_tofrom_Jackson_on_I40,NashvilleTN,JacksonTN,129,1,0,0,0.08,IT,IT = the instructional team
Jackson_tofrom_Memphis_on_I40,JacksonTN,MemphisTN,88,0,0,0,0,IT,
Nashville_tofrom_BowlingGreen_on_I65,NashvilleTN,BowlingGreenKY,66,1,1,0,0.1,IT,
Louisville_tofrom_BowlingGreen_on_I65,LouisvilleKY,BowlingGreenKY,117,0,0,0,0,IT,
Indianapolis_tofrom_Louisville,IndianapolisIN,LouisvilleKY,114,1,1,0,0.1,IT,
Indianapolis_tofrom_TerreHaute,IndianapolisIN,TerreHauteIN,77,0,0,1,0.02,IT,
StLouis_tofrom_TerreHaute,StLouisMO,TerreHauteIN,170,0,0,1,0.02,IT,
Chicago_tofrom_Indianapolis,ChicagoIL,IndianapolisIN,183,1,0,0,0.08,IT,
Chicago_tofrom_Springfield,ChicagoIL,SpringfieldIL,200,0,0,0,0,IT,
StLouis_tofrom_Springfield,StLouisMO,SpringfieldIL,98,1,1,1,0.1,IT,
Cincinnati_tofrom_Lousville,CincinnatiOH,LouisvilleKY,100,0,1,1,0.06,IT,
Cincinnati_tofrom_Indianapolis,CincinnatiOH,IndianapolisIN,112,0,1,0,0.04,IT,
Indianapolis_tofrom_Columbus,IndianapolisIN,ColumbusOH,176,1,0,1,0.08,IT,
Cincinnati_tofrom_Columbus,CincinnatiOH,ColumbusOH,107,1,0,1,0.08,IT,
Columbus_tofrom_Cleveland,ColumbusOH,ClevelandOH,143,0,1,1,0.06,IT,
Louisville_tofrom_Lexington,LouisvilleKY,LexingtonKY,79,1,0,1,0.08,IT,
Knoxville_tofrom_Lexington,KnoxvilleTN,LexingtonKY,170,0,1,0,0.04,IT,
Cincinnati_tofrom_Lexington,CincinnatiOH,LexingtonKY,83,0,1,0,0.04,IT,
PortlandOR_tofrom_SeattleWA,PortlandOR,SeattleWA,174,0,0,0,0,IT,
PortlandOR_tofrom_PendletonOR,PortlandOR,PendletonOR,209,0,0,1,0.02,IT,
PortlandOR_tofrom_EugeneOR,PortlandOR,EugeneOR,110,0,0,1,0.02,IT,
EugeneOR_tofrom_PendletonOR,EugeneOR,PendletonOR,318,1,1,0,0.1,IT,
EugeneOR_tofrom_MedfordOR,EugeneOR,MedfordOR,168,1,1,1,0.1,IT,
PendletonOR_tofrom_MosesLakeWA,PendletonOR,MosesLakeWA,131,0,1,1,0.06,IT,
BoiseID_tofrom_PendletonOR,BoiseID,PendletonOR,222,1,1,1,0.1,IT,
BoiseID_tofrom_TwinFallsID,BoiseID,TwinFallsID,129,1,0,0,0.08,IT,
IdahoFallsID_tofrom_TwinFallsID,IdahoFallsID,TwinFallsID,160,0,0,0,0,IT,
SaltLakeCityUT_tofrom_TwinFallsID,SaltLakeCityUT,TwinFallsID,218,1,1,0,0.1,IT,
IdahoFallsID_tofrom_DeerLodgeMT,IdahoFallsID,DeerLodgeMT,232,0,1,0,0.04,IT,
SaltLakeCityUT_tofrom_IdahoFallsID,SaltLakeCityUT,IdahoFallsID,213,0,1,0,0.04,IT,
SpokaneWA_tofrom_MosesLakeWA,SpokaneWA,MosesLakeWA,104,1,1,0,0.1,IT,
SpokaneWA_tofrom_MullanID,SpokaneWA,MullanID,87.9,0,0,0,0,IT,
HelenaMT_tofrom_DeerLodgeMT,HelenaMT,DeerLodgeMT,54.7,1,0,1,0.08,IT,
HelenaMT_tofrom_BigTimberMT,HelenaMT,BigTimberMT,158,1,0,1,0.08,IT,
HelenaMT_tofrom_GreatFallsMT,HelenaMT,GreatFallsMT,90.8,0,0,0,0,IT,
SeattleWA_tofrom_PendletonOR,SeattleWA,PendletonOR,273,1,1,0,0.1,IT,
DenverCO_tofrom_BurlingtonCO,DenverCO,BurlingtonCO,168,1,1,0,0.1,IT,
ColoradoSpringsCO_tofrom_BurlingtonCO,ColoradoSpringsCO,BurlingtonCO,151,0,0,0,0,IT,
BurlingtonCO_tofrom_HaysKS,BurlingtonCO,HaysKS,173,1,0,1,0.08,IT,
ClevelandOH_tofrom_EriePA,ClevelandOH,EriePA,103,1,1,1,0.1,IT,
EriePA_tofrom_BuffaloNY,EriePA,BuffaloNY,96.9,1,1,0,0.1,IT,
EriePA_tofrom_PittsburghPA,EriePA,PittsburghPA,128,0,1,1,0.06,IT,
RochesterNY_tofrom_SyracuseNY,RochesterNY,SyracuseNY,86.5,0,1,0,0.04,IT,
SyracuseNY_tofrom_ScrantonPA,SyracuseNY,ScrantonPA,130,1,1,1,0.1,IT,
AlbanyNY_tofrom_SyracuseNY,AlbanyNY,SyracuseNY,145,0,0,0,0,IT,
ScrantonPA_tofrom_AllentownPA,ScrantonPA,AllentownPA,76.1,0,1,0,0.04,IT,
PhoenixAZ_tofrom_TucsonAZ,PhoenixAZ,TucsonAZ,112,0,0,1,0.02,IT,
TucsonAZ_tofrom_LordsburgNM,TucsonAZ,LordsburgNM,160,0,0,1,0.02,IT,
TucsonAZ_tofrom_GlobeAZ,TucsonAZ,GlobeAZ,101,0,1,0,0.04,IT,
MilwaukeeWI_tofrom_MadisonWI,MilwaukeeWI,MadisonWI,79.5,1,0,0,0.08,IT,
ChicagoIL_tofrom_MilwaukeeWI,ChicagoIL,MilwaukeeWI,92.1,1,1,0,0.1,IT,
MilwaukeeWI_tofrom_GreenBayWI,MilwaukeeWI,GreenBayWI,117,1,1,0,0.1,IT,
ChicagoIL_tofrom_GrandRapidsMI,ChicagoIL,GrandRapidsMI,178,0,1,0,0.04,IT,
GrandRapidsMI_tofrom_LansingMI,GrandRapidsMI,LansingMI,68.2,1,0,0,0.08,IT,
LansingMI_tofrom_FortWayneIN,LansingMI,FortWayneIN,133,0,0,0,0,IT,
LansingMI_tofrom_AnnArborMI,LansingMI,AnnArborMI,64.9,0,0,1,0.02,IT,
DetroitMI_tofrom_LansingMI,DetroitMI,LansingMI,94.5,0,0,0,0,IT,
AugustaME_tofrom_PortlandME,AugustaME,PortlandME,55.9,1,1,0,0.1,IT,
MontpelierVT_tofrom_ConcordNH,MontpelierVT,ConcordNH,117,0,1,0,0.04,IT,
PortlandME_tofrom_ConcordNH,PortlandME,ConcordNH,109,1,1,0,0.1,IT,
BostonMA_tofrom_PortlandME,BostonMA,PortlandME,107,1,1,1,0.1,IT,
BostonMA_tofrom_ConcordNH,BostonMA,ConcordNH,67.5,0,1,1,0.06,IT,
AlbanyNY_tofrom_ConcordNH,AlbanyNY,ConcordNH,148,1,0,0,0.08,IT,
BuffaloNY_tofrom_RochesterNY,BuffaloNY,RochesterNY,76.5,1,0,0,0.08,IT,
SyracuseNY_tofrom_RochesterNY,SyracuseNY,RochesterNY,86.4,0,0,0,0,IT,
AlbanyNY_tofrom_NewHavenCT,AlbanyNY,NewHavenCT,129,1,0,1,0.08,IT,
ProvidenceRI_tofrom_NewHavenCT,ProvidenceRI,NewHavenCT,102,0,0,1,0.02,IT,
BostonMA_tofrom_ProvidenceRI,BostonMA,ProvidenceRI,59.1,0,0,0,0,IT,
HartfordCT_tofrom_MontpelierVT,HartfordCT,MontpelierVT,199,1,1,0,0.1,IT,
BostonMA_tofrom_HartfordCT,BostonMA,HartfordCT,101,0,0,0,0,IT,
NewHavenCT_tofrom_HartfordCT,NewHavenCT,HartfordCT,38.8,1,1,1,0.1,IT,
ProvidenceRI_tofrom_HartfordCT,ProvidenceRI,HartfordCT,72.5,0,0,1,0.02,IT,
TrentonNJ_tofrom_MountHollyNJ,TrentonNJ,MountHollyNJ,21,1,0,1,0.08,IT,
PhiladelphiaPA_tofrom_TrentonNJ,PhiladelphiaPA,TrentonNJ,42.5,0,1,1,0.06,IT,
NewYorkNY_tofrom_TrentonNJ,NewYorkNY,TrentonNJ,67.1,1,1,1,0.1,IT,
NewYorkNY_tofrom_AllentownPA,NewYorkNY,AllentownPA,92.5,0,1,0,0.04,IT,
NewYorkNY_tofrom_NewHavenCT,NewYorkNY,NewHavenCT,80.9,0,0,0,0,IT,
AllentownPA_tofrom_PhiladelphiaPA,AllentownPA,PhiladelphiaPA,63.8,0,1,0,0.04,IT,
AllentownPA_tofrom_HarrisburgPA,AllentownPA,HarrisburgPA,84,0,1,0,0.04,IT,
HarrisburgPA_tofrom_PittsburghPA,HarrisburgPA,PittsburghPA,203,0,0,0,0,IT,
BaltimoreMD_tofrom_HarrisburgPA,BaltimoreMD,HarrisburgPA,79.2,0,0,1,0.02,IT,
PhiladelphiaPA_tofrom_BaltimoreMD,PhiladelphiaPA,BaltimoreMD,101,0,0,0,0,IT,
PhiladelphiaPA_tofrom_MountHollyNJ,PhiladelphiaPA,MountHollyNJ,26.4,1,0,0,0.08,IT,
PhiladelphiaPA_tofrom_OceanCityMD,PhiladelphiaPA,OceanCityMD,152,0,1,1,0.06,IT,
BaltimoreMD_tofrom_OceanCityMD,BaltimoreMD,OceanCityMD,147,1,0,0,0.08,IT,
CharlestonWV_tofrom_HuntingtonWV,CharlestonWV,HuntingtonWV,53,1,1,1,0.1,IT,
FairmontWV_tofrom_CharlestonWV,FairmontWV,CharlestonWV,140,1,0,0,0.08,IT,
BlacksburgVA_tofrom_CharlestonWV,BlacksburgVA,CharlestonWV,138,0,0,1,0.02,IT,
WashingtonDC_tofrom_BaltimoreMD,WashingtonDC,BaltimoreMD,40.1,0,0,1,0.02,IT,
WashingtonDC_tofrom_RichmondVA,WashingtonDC,RichmondVA,109,0,0,1,0.02,IT,
RichmondVA_tofrom_NorfolkVA,RichmondVA,NorfolkVA,92.9,0,0,1,0.02,IT,
RichmondVA_tofrom_HarrisburgPA,RichmondVA,HarrisburgPA,222,1,1,1,0.1,IT,
RichmondVA_tofrom_RaleighNC,RichmondVA,RaleighNC,175,0,1,0,0.04,IT,
ColumbiaSC_tofrom_AugustaGA,ColumbiaSC,AugustaGA,75.8,1,1,0,0.1,IT,
WilmingtonNC_tofrom_CharlestonSC,WilmingtonNC,CharlestonSC,176,1,1,1,0.1,IT,
CharlestonSC_tofrom_SavannahGA,CharlestonSC,SavannahGA,108,1,0,1,0.08,IT,
AugustaGA_tofrom_CharlestonSC,AugustaGA,CharlestonSC,169,0,0,1,0.02,IT,
ColumbiaSC_tofrom_CharlestonSC,ColumbiaSC,CharlestonSC,116,0,0,0,0,IT,
LubbockTX_tofrom_AmarilloTX,LubbockTX,AmarilloTX,122,0,1,0,0.04,IT,
DoraNM_tofrom_LubbockTX,DoraNM,LubbockTX,102,1,1,1,0.1,IT,
NewOrleansLA_tofrom_JacksonMS,NewOrleansLA,JacksonMS,186,1,0,0,0.08,IT,
NewOrleansLA_tofrom_BatonRougeLA,NewOrleansLA,BatonRougeLA,81.2,1,0,0,0.08,IT,
NewOrleansLA_tofrom_MobileAL,NewOrleansLA,MobileAL,144,0,1,0,0.04,IT,
BatonRougeLA_tofrom_JacksonMS,BatonRougeLA,JacksonMS,175,0,0,1,0.02,IT,
BatonRougeLA_tofrom_ShreveportLA,BatonRougeLA,ShreveportLA,247,0,0,0,0,IT,
HoustonTX_tofrom_BatonRougeLA,HoustonTX,BatonRougeLA,269,1,1,0,0.1,IT,
JacksonMS_tofrom_ShreveportLA,JacksonMS,ShreveportLA,217,1,0,0,0.08,IT,
MemphisTN_tofrom_JacksonMS,MemphisTN,JacksonMS,209,0,1,1,0.06,IT,
DallasTX_tofrom_ShreveportLA,DallasTX,ShreveportLA,188,0,0,1,0.02,IT,
ShreveportLA_tofrom_NewBostonTX,ShreveportLA,NewBostonTX,96.2,1,1,1,0.1,IT,
DesMoinesIA_tofrom_CedarRapidsIA,DesMoinesIA,CedarRapidsIA,128,1,1,0,0.1,IT,
CedarRapidsIA_tofrom_DavenportIA,CedarRapidsIA,DavenportIA,81.9,0,0,0,0,IT,
FortSmithAR_tofrom_JoplinMO,FortSmithAR,JoplinMO,146,1,0,1,0.08,IT,
LittleRockAR_tofrom_FortSmithAR,LittleRockAR,FortSmithAR,160,1,0,1,0.08,IT,
OklahomaCityOK_tofrom_FortSmithAR,OklahomaCityOK,FortSmithAR,181,1,1,1,0.1,IT,
TulsaOK_tofrom_JoplinMO,TulsaOK,JoplinMO,113,1,0,1,0.08,IT,
KansasCityKS_tofrom_JoplinMO,KansasCityMO,JoplinMO,161,0,1,1,0.06,IT,
StLouisMO_tofrom_JoplinMO,StLouisMO,JoplinMO,284,0,0,0,0,IT,
ColoradoSpringsCO_tofrom_PuebloNM,ColoradoSpringsCO,PuebloCO,45,0,1,1,0.06,IT,
SantaFeNM_tofrom_PuebloNM,SantaFeNM,PuebloCO,280,0,0,0,0,IT,
AlbuquerqueNM_tofrom_SantaFeNM,AlbuquerqueNM,SantaFeNM,64.1,0,0,1,0.02,IT,
OklahomaCityOK_tofrom_ElkCityOK,OklahomaCityOK,ElkCityOK,114,0,0,1,0.02,IT,
AmarilloTX_tofrom_ElkCityOK,AmarilloTX,ElkCityOK,148,1,0,0,0.08,IT,
TulsaOK_tofrom_OklahomaCityOK,TulsaOK,OklahomaCityOK,106,0,0,1,0.02,IT,
OklahomaCityOK_tofrom_WichitaKS,OklahomaCityOK,WichitaKS,161,0,1,1,0.06,IT,
DallasTX_tofrom_OklahomaCityOK,DallasTX,OklahomaCityOK,206,0,1,1,0.06,IT,
WichitaKS_tofrom_HaysKS,WichitaKS,HaysKS,183,1,0,1,0.08,IT,
ManhattanKS_tofrom_HaysKS,ManhattanKS,HaysKS,158,0,1,0,0.04,IT,
KansasCityMO_tofrom_ManhattanKS,KansasCityMO,ManhattanKS,119,0,0,0,0,IT,
KansasCityMO_tofrom_WichitaKS,KansasCityMO,WichitaKS,196,0,0,1,0.02,IT,
DenverCO_tofrom_NorthPlatteNE,DenverCO,NorthPlatteNE,265,1,1,1,0.1,IT,
LincolnNE_tofrom_NorthPlatteNE,LincolnNE,NorthPlatteNE,225,1,0,0,0.08,IT,
CheyenneWY_tofrom_NorthPlatteNE,CheyenneWY,NorthPlatteNE,222,1,1,1,0.1,IT,
LincolnNE_tofrom_OmahaNE,LincolnNE,OmahaNE,58.5,1,0,0,0.08,IT,
ChicagoIL_tofrom_DavenportIA,ChicagoIL,DavenportIA,176,0,1,0,0.04,IT,
DesMoinesIA_tofrom_DavenportIA,DesMoinesIA,DavenportIA,169,0,0,1,0.02,IT,
DavenportIA_tofrom_SpringfieldIL,DavenportIA,SpringfieldIL,171,0,1,1,0.06,IT,
RochesterMN_tofrom_MadisonWI,RochesterMN,MadisonWI,213,0,0,0,0,IT,
SiouxFallsSD_tofrom_RochesterMN,SiouxFallsSD,RochesterMN,238,0,0,1,0.02,IT,
MinneapolisMN_tofrom_RochesterMN,MinneapolisMN,RochesterMN,86.6,1,1,1,0.1,IT,
OmahaNE_tofrom_DesMoinesIA,OmahaNE,DesMoinesIA,134,0,0,0,0,IT,
DesMoinesIA_tofrom_KansasCityMO,DesMoinesIA,KansasCityMO,196,0,0,1,0.02,IT,
MinneapolisMN_tofrom_DuluthMN,MinneapolisMN,DuluthMN,154,1,0,0,0.08,IT,
MinneapolisMN_tofrom_DesMoinesIA,MinneapolisMN,DesMoinesIA,244,0,0,0,0,IT,
MinneapolisMN_tofrom_MadisonWI,MinneapolisMN,MadisonWI,272,1,0,0,0.08,IT,
MinneapolisMN_tofrom_FargoND,MinneapolisMN,FargoND,235,1,0,0,0.08,IT,
GlendiveMT_tofrom_BigTimberMT,GlendiveMT,BigTimberMT,301,0,0,1,0.02,IT,
GlendiveMT_tofrom_BismarckND,GlendiveMT,BismarckND,195,1,0,0,0.08,IT,
FargoND_tofrom_BismarckND,FargoND,BismarckND,196,1,0,0,0.08,IT,
SiouxFallsSD_tofrom_FargoND,SiouxFallsSD,FargoND,243,1,1,0,0.1,IT,
CodyWY_tofrom_BuffaloWY,CodyWY,BuffaloWY,167,0,1,0,0.04,IT,
BuffaloWY_tofrom_BigTimberMT,BuffaloWY,BigTimberMT,246,1,1,1,0.1,IT,
BuffaloWY_tofrom_SturgisSD,BuffaloWY,SturgisSD,182,1,0,1,0.08,IT,
BuffaloWY_tofrom_CasperWY,BuffaloWY,CasperWY,114,1,0,1,0.08,IT,
BuffaloWY_tofrom_LameDeerMT,BuffaloWY,LameDeerMT,115,1,0,0,0.08,IT,
CheyenneWY_tofrom_CasperWY,CheyenneWY,CasperWY,177,0,0,1,0.02,IT,
DenverCO_tofrom_CheyenneWY,DenverCO,CheyenneWY,102,0,0,0,0,IT,
GallupNM_tofrom_AlbuquerqueNM,GallupNM,AlbuquerqueNM,138,1,0,0,0.08,IT,
GallupNM_tofrom_FlagstaffAZ,GallupNM,FlagstaffAZ,185,1,0,1,0.08,IT,
PhoenixAZ_tofrom_FlagstaffAZ,PhoenixAZ,FlagstaffAZ,144,1,1,1,0.1,IT,
FlagstaffAZ_tofrom_KingmanAZ,FlagstaffAZ,KingmanAZ,147,1,1,1,0.1,IT,
AlbuquerqueNM_tofrom_DemingNM,AlbuquerqueNM,DemingNM,234,1,0,1,0.08,IT,
BakersfieldCA_tofrom_BarstowCA,BakersfieldCA,BarstowCA,131,1,0,1,0.08,IT,
LosAngelesCA_tofrom_BakersfieldCA,LosAngelesCA,BakersfieldCA,111,0,1,1,0.06,IT,
BakersfieldCA_tofrom_FresnoCA,BakersfieldCA,FresnoCA,109,1,0,0,0.08,IT,
DenverCO_tofrom_AspenCO,DenverCO,AspenCO,159,0,1,1,0.06,IT,
AspenCO_tofrom_GrandJunctionCO,AspenCO,GrandJunctionCO,128,0,0,0,0,IT,
SaltLakeCityUT_tofrom_GrandJunctionCO,SaltLakeCityUT,GrandJunctionCO,284,0,0,1,0.02,IT,
CedarCityUT_tofrom_GrandJunctionCO,CedarCityUT,GrandJunctionCO,338,0,1,1,0.06,IT,
SaltLakeCityUT_tofrom_CedarCityUT,SaltLakeCityUT,CedarCityUT,252,0,0,0,0,IT,
LasVegasNV_tofrom_CedarCityUT,LasVegasNV,CedarCityUT,170,0,0,0,0,IT,
SaltLakeCityUT_tofrom_ElkoNV,SaltLakeCityUT,ElkoNV,230,1,0,0,0.08,IT,
ElkoNV_tofrom_WinnemuccaNV,ElkoNV,WinnemuccaNV,124,0,0,0,0,IT,
WinnemuccaNV_tofrom_RenoNV,WinnemuccaNV,RenoNV,165,0,1,0,0.04,IT,
RenoNV_tofrom_SacramentoCA,RenoNV,SacramentoCA,132,0,0,0,0,IT,
RenoNV_tofrom_SouthLakeTahoeCA,RenoNV,SouthLakeTahoeCA,61.4,1,1,1,0.1,IT,
SouthLakeTahoeCA_tofrom_SacramentoCA,SouthLakeTahoeCA,SacramentoCA,103,1,0,1,0.08,IT,
FresnoCA_tofrom_SanJoseCA,FresnoCA,SanJoseCA,150,0,0,1,0.02,IT,
SacramentoCA_tofrom_FresnoCA,SacramentoCA,FresnoCA,169,0,0,0,0,IT,
SacramentoCA_tofrom_ReddingCA,SacramentoCA,ReddingCA,162,0,1,1,0.06,IT,
SanFranciscoCA_tofrom_SacramentoCA,SanFranciscoCA,SacramentoCA,87.9,0,1,0,0.04,IT,
ReddingCA_tofrom_MedfordOR,ReddingCA,MedfordOR,150,0,0,0,0,IT,
OrlandoFL_tofrom_TampaFL,OrlandoFL,TampaFL,84.2,1,0,1,0.08,IT,Id0
JacksonvilleFL_tofrom_TallahasseeFL,JacksonvilleFL,TallahasseeFL,164,1,1,0,0.1,IT,
JacksonMS_tofrom_TuscaloosaAL,JacksonMS,TuscaloosaAL,186,0,0,0,0,IT,
MemphisTN_tofrom_MetropolisIL,MemphisTN,MetropolisIL,206,0,0,1,0.02,IT,
MemphisTN_tofrom_MartinTN,MemphisTN,MartinTN,135,1,0,0,0.08,IT,
SanAntonioTX_tofrom_CorpusChristi,SanAntonioTX,CorpusChristiTX,144,0,1,0,0.04,IT,
SanAntonioTX_tofrom_AustinTX,SanAntonioTX,AustinTX,79.5,1,0,0,0.08,IT,
SanAntonioTX_tofrom_ArtesiaWellsTX,SanAntonioTX,ArtesiaWellsTX,114,1,1,0,0.1,IT,
DallasTX_tofrom_HoustonTX,DallasTX,HoustonTX,240,1,1,0,0.1,IT,
AlbuquerqueNM_tofrom_SantaRosaNM,AlbuquerqueNM,SantaRosaNM,118,0,1,0,0.04,IT,
AmarilloTX_tofrom_SantaRosaNM,AmarilloTX,SantaRosaNM,172,1,1,1,0.1,IT,
TallahasseeFL_tofrom_Blountstown,TallahasseeFL,BlountstownFL,48.5,0,1,1,0.06,IT,
AtlantaGA_tofrom_BirminghamAL,AtlantaGA,BirminghamAL,147,0,1,0,0.04,IT,
TuscaloosaAL_tofrom_BirminghamAL,TuscaloosaAL,BirminghamAL,57.7,0,0,0,0,IT,
JacksonMS_tofrom_ColumbusMS,JacksonMS,ColumbusMS,154,1,1,0,0.1,IT,
MountHollyNJ_tofrom_NewHavenCT_on_I-95N,MountHollyNJ,NewHavenCT,153,1,1,0,0.1,IT,
FayettevilleNC_tofrom_CharlotteNC_on_US-74W,FayettevilleNC,CharlotteNC,139,0,1,1,0.06,IT,
LexingtonKY_tofrom_HuntingtonWV_on_I64E,LexingtonKY,HuntingtonWV,126,1,0,0,0.08,IT,
CincinnatiOH_tofrom_HuntingtonWV_on_KY-9S,CincinnatiOH,HuntingtonWV,147,1,1,1,0.1,IT,
LouisvilleKY_tofrom_HuntingtonWV_on_I64E,LouisvilleKY,HuntingtonWV,197,0,1,0,0.04,IT,
HuntingtonWV_tofrom_FairmontWV_on_I64E_and_I79N,HuntingtonWV,FairmontWV,191,1,0,1,0.08,IT,
FairmontWV_tofrom_PittsburghPA_on_I79N,FairmontWV,PittsburghPA,91.4,0,1,0,0.04,IT,
ColumbusOH_tofrom_PittsburghPA_on_I70E,ColumbusOH,PittsburghPA,185,1,1,1,0.1,IT,
ClevelandOH_tofrom_PittsburghPA_on_I76,ClevelandOH,PittsburghPA,133,1,1,0,0.1,IT,
Cookeville_tofrom_Knoxville,CookevilleTN,KnoxvilleTN,102,1,0,0,0.08,IT,
Knoxville_tofrom_Gatlinburg,KnoxvilleTN,GatlinburgTN,43,1,0,1,0.08,IT,
Knoxville_tofrom_Athens,KnoxvilleTN,AthensTN,58,1,1,0,0.1,IT,
Athens_tofrom_Chattanooga,AthensTN,ChattanoogaTN,58,0,0,1,0.02,IT,
Nashville_tofrom_Athens,NashvilleTN,AthensTN,169,1,1,1,0.1,IT,
AshevilleNC_tofrom_GatlinburgTN,AshevilleNC,GatlinburgTN,81,1,0,1,0.08,IT,
AshevilleNC_tofrom_KnoxvilleTN_on_I40,AshevilleNC,KnoxvilleTN,116,1,1,1,0.1,IT,
AshevilleNC_tofrom_BooneNC_on_I40_and_US221,AshevilleNC,BooneNC,84,1,1,0,0.1,IT,
AshevilleNC_tofrom_CharlotteNC_on_I26_and_US74,AshevilleNC,CharlotteNC,126,0,0,0,0,IT,
AshevilleNC_tofrom_CharlotteNC_on_I40_and_US321,AshevilleNC,CharlotteNC,130,0,0,0,0,IT,
AshevilleNC_tofrom_AthensGA_on_I26_and_I85,AshevilleNC,AthensGA,158,1,1,1,0.1,IT,
AshevilleNC_tofrom_DuluthGA_on_US23,AshevilleNC,DuluthGA,176,0,1,0,0.04,IT,
AshevilleNC_tofrom_DuluthGA_on_I26_and_I85,AshevilleNC,DuluthGA,186,1,0,1,0.08,IT,
AshevilleNC_tofrom_AugustaGA_on_I26_and_US121,AshevilleNC,AugustaGA,183,0,1,0,0.04,IT,
AshevilleNC_tofrom_ColumbiaSC_on_I26,AshevilleNC,ColumbiaSC,158,1,0,1,0.08,IT,
BooneNC_tofrom_RaleighNC_on_US421_and_I40,BooneNC,RaleighNC,188,1,0,0,0.08,IT,
BooneNC_tofrom_CharlotteNC_on_US321,BooneNC,CharlotteNC,101,0,1,0,0.04,IT,
BooneNC_tofrom_GatlinburgTN,BooneNC,GatlinburgTN,173,1,0,0,0.08,IT,
BooneNC_tofrom_KnoxvilleTN_on_I81,BooneNC,KnoxvilleTN,161,1,0,0,0.08,IT,
WilmingtonNC_tofrom_RaleighNC_on_I40,WilmingtonNC,RaleighNC,129,1,1,1,0.1,IT,
WilmingtonNC_tofrom_FayettevilleNC_on_US87,WilmingtonNC,FayettevilleNC,92,0,0,1,0.02,IT,
JacksonTN_tofrom_LexingtonTN,JacksonTN,LexingtonTN,27,1,0,0,0.08,IT,
LexingtonTN_tofrom_ShilohTN,LexingtonTN,ShilohTN,39,1,1,1,0.1,IT,
NashvilleTN_tofrom_SpartaTN,NashvilleTN,SpartaTN,87,1,0,0,0.08,IT,
SpartaTN_tofrom_AlbanyKY,SpartaTN,AlbanyKY,67,0,0,1,0.02,IT,
NashvilleTN_tofrom_AlbanyKY,NashvilleTN,AlbanyKY,131,1,1,1,0.1,IT,
ChattanoogaTN_tofrom_OakRidgeTN,ChattanoogaTN,OakRidgeTN,101,0,0,1,0.02,IT,
OakRidgeTN_tofrom_AlbanyKY,OakRidgeTN,AlbanyKY,85,1,0,1,0.08,IT,
DallasTX_tofrom_AbileneTX_on_I-30W_and_I-20W,DallasTX,AbileneTX,181,1,0,0,0.08,IT,
DallasTX_tofrom_AbileneTX_on_US-180W,DallasTX,AbileneTX,191,1,0,0,0.08,IT,
AbileneTX_tofrom_MidlandTX_on_I-20W,AbileneTX,MidlandTX,148,0,1,1,0.06,IT,
AbileneTX_tofrom_MidlandTX_on_I-20W_and_TX-158W,AbileneTX,MidlandTX,175,0,0,0,0,IT,
AbileneTX_tofrom_MidlandTX_on_US-277S_and_TX-158W,AbileneTX,MidlandTX,172,0,0,0,0,IT,
MidlandTX_tofrom_OdessaTX_on_I-20W,MidlandTX,OdessaTX,22.6,0,0,1,0.02,IT,
MidlandTX_tofrom_OdessaTX_on_I-20BLW,MidlandTX,OdessaTX,20.1,1,1,0,0.1,IT,
OdessaTX_tofrom_PecosTX_on_I-20W,OdessaTX,PecosTX,75.7,1,0,0,0.08,IT,
PecosTX_tofrom_CarlsbadNM_on_USHwy285N,PecosTX,CarlsbadNM,86.1,0,1,0,0.04,IT,
CarlsbadNM_tofrom_RoswellNM_on_USHwy285N,CarlsbadNM,RoswellNM,76.2,0,0,1,0.02,IT,
CarlsbadNM_tofrom_RoswellNM_on_IllinoisCampRd_and_USHwy285N,CarlsbadNM,RoswellNM,78,0,1,1,0.06,IT,
CarlsbadNM_tofrom_RoswellNM_on_USHwy285N_and_NM-2N,CarlsbadNM,RoswellNM,79,1,1,1,0.1,IT,
RoswellNM_tofrom_AlamogordoNM_on_US-70W,RoswellNM,AlamogordoNM,118,0,0,0,0,IT,
AlamogordoNM_tofrom_DemingNM_on_US-70W_and_I-10W,AlamogordoNM,DemingNM,133,0,1,0,0.04,IT,
AlamogordoNM_tofrom_DemingNM_on_US-70W,AlamogordoNM,DemingNM,150,1,0,0,0.08,IT,
DemingNM_tofrom_LordsburgNM_on_I-10W,DemingNM,LordsburgNM,60.4,1,0,0,0.08,IT,
LordsburgNM_tofrom_SaffordAZ_on_US-70W,LordsburgNM,SaffordAZ,75.1,1,1,0,0.1,IT,
LordsburgNM_tofrom_SaffordAZ_on_I-10W_and_US-191N,LordsburgNM,SaffordAZ,92.8,0,1,1,0.06,IT,
SaffordAZ_tofrom_GlobeAZ_on_US-70W,SaffordAZ,GlobeAZ,77.7,0,1,0,0.04,IT,
GlobeAZ_tofrom_PhoenixAZ_on_US-60W,GlobeAZ,PhoenixAZ,87.5,0,0,1,0.02,IT,
GlobeAZ_tofrom_PhoenixAZ_on_I-10W_and_US-60W,GlobeAZ,PhoenixAZ,87.4,1,0,0,0.08,IT,
PhoenixAZ_tofrom_KingmanAZ_on_US-93N,PhoenixAZ,KingmanAZ,194,0,0,0,0,IT,
KingmanAZ_tofrom_LasVegasNV_on_US-93N,KingmanAZ,LasVegasNV,107,1,0,1,0.08,IT,
LasVegasNV_tofrom_BarstowCA_on_I-15S,LasVegasNV,BarstowCA,156,0,1,0,0.04,IT,
BarstowCA_tofrom_RiversideCA_on_I-15S_and_I-215S,BarstowCA,RiversideCA,80.8,0,0,0,0,IT,
RiversideCA_tofrom_LosAngelesCA_on_CA-60 W,RiversideCA,LosAngelesCA,55.3,1,1,0,0.1,IT,
RiversideCA_tofrom_LosAngelesCA_on_CA-60W_and_I-10W,RiversideCA,LosAngelesCA,54,1,1,0,0.1,IT,
RiversideCA_tofrom_LosAngelesCA_on_CA-91W_and_CA-60W,RiversideCA,LosAngelesCA,62.3,0,0,1,0.02,IT,
RiversideCA_tofrom_SanDiegoCA_on_I-215S_and_I-15S,RiversideCA,SanDiegoCA,98.4,1,0,0,0.08,IT,
RiversideCA_tofrom_SanDiegoCA_on_I-215S_and_I-15S_and_CA-163S,RiversideCA,SanDiegoCA,98.8,1,1,1,0.1,IT,
RiversideCA_tofrom_SanDiegoCA_on_I-15S,RiversideCA,SanDiegoCA,108,0,0,1,0.02,IT,
LosAngelesCA_tofrom_SanDiegoCA_on_I-5S,LosAngelesCA,SanDiegoCA,120,0,1,0,0.04,IT,
LosAngelesCA_tofrom_SanDiegoCA_on_EWashingtonBlvd_and_I-5 S,LosAngelesCA,SanDiegoCA,121,0,0,0,0,IT,
LosAngelesCA_tofrom_SanDiegoCA_on_I-15S,LosAngelesCA,SanDiegoCA,143,1,0,0,0.08,IT,
Blacksburg_tofrom_Bristol_on_I81,BlacksburgVA,BristolTN,125,0,0,0,0,IT,
Bristol_tofrom_Knoxville_on_I40_and_I81,BristolTN,KnoxvilleTN,113,0,0,0,0,IT,
HersheyPA_tofrom_BaltimoreMD,HersheyPA,BaltimoreMD,90,0,1,1,0.06,IT,
Chicago_tofrom_Madison_on_I88,ChicagoIL,MadisonWI,148,1,1,0,0.1,IT,
Chicago_tofrom_Urbana_on_I88,ChicagoIL,UrbanaIL,126,1,0,1,0.08,IT,
Chicago_tofrom_Champaign_on_I88,ChicagoIL,ChampaignIL,135,0,1,0,0.04,IT,
Urbana_tofrom_Springfield,UrbanaIL,SpringfieldIL,87,0,1,1,0.06,IT,
Champaign_tofrom_Springfield,ChampaignIL,SpringfieldIL,86,0,1,1,0.06,IT,
Urbana_tofrom_StLouis,UrbanaIL,StLouisMO,149,1,0,1,0.08,IT,
Champaign_tofrom_StLouis,ChampaignIL,StLouisMO,181,1,1,0,0.1,IT,
Nashville_tofrom_Cookeville_on_I40,NashvilleTN,CookevilleTN,80,1,1,1,0.1,IT,
Huntsville_tofrom_Birmingham_on_I65,HuntsvilleAL,BirminghamAL,102,0,0,1,0.02,IT,
Athens_tofrom_Columbia,AthensGA,ColumbiaSC,164,1,0,1,0.08,IT,
Clarskville_tofrom_Evansville,ClarksvilleTN,EvansvilleIN,108,1,1,0,0.1,IT,
Evansville_tofrom_Springfield,EvansvilleIN,SpringfieldTN,137,1,1,1,0.1,IT,
AthensAL_tofrom_BirminghamAL,AthensAL,BirminghamAL,95,1,0,1,0.08,IT,
HuntsvilleAL_tofrom_GadsenAL,HuntsvilleAL,GadsenAL,72,1,1,0,0.1,IT,
ChattanoogaTN_tofrom_GatlinburgTN,ChattanoogaTN,GatlinburgTN,155,1,1,1,0.1,IT,
StLouis_tofrom_KansasCity,StLouisMO,KansasCityMO,248,0,0,0,0,IT,
SanJose_tofrom_PaloAlto_on_I101S,SanJoseCA,PaloAltoCA,17.4,1,1,0,0.1,IT,
SanDiego_tofrom_LosAngeles_on_I5N,SanDiegoCA,LosAngelesCA,121,0,0,0,0,IT,
Houston_tofrom_SanAntonio_on_I10E,HoustonTX,SanAntonioTX,197,0,1,0,0.04,IT,
Denver_tofrom_ColoradoSprings_on_I25S,DenverCO,ColoradoSpringsCO,69.3,0,1,1,0.06,IT,
Boston_tofrom_NewHaven_on_I95N,BostonMA,NewHavenCT,152,0,1,0,0.04,IT,
Clarksville_tofrom_JacksonTN,ClarksvilleTN,JacksonTN,124,0,1,0,0.04,IT,
MurfreesboroTN_tofrom_LynchburgTN,MurfreesboroTN,LynchburgTN,42,0,0,0,0,IT,
FayettevilleTN_tofrom_LynchburgTN,FayettevilleTN,LynchburgTN,15,1,1,1,0.1,IT,
NashvilleTN_tofrom_ClarksvilleTN,NashvilleTN,ClarksvilleTN,48,0,1,0,0.04,IT,
IndianapolisIN_tofrom_FortWayneIN,IndianapolisIN,FortWayneIN,125,1,1,1,0.1,IT,
FortWayneIN_tofrom_DetroitMI,FortWayneIN,DetroitMI,162,1,0,0,0.08,IT,
FortWayneIN_tofrom_AnnArborMI,FortWayneIN,AnnArborMI,142,1,0,1,0.08,IT,
FortWayneIN_tofrom_ToledoOH,FortWayneIN,ToledoOH,102,1,1,1,0.1,IT,
DetroitMI_tofrom_ToledoOH,DetroitMI,ToledoOH,59,1,0,1,0.08,IT,
DetroitMI_tofrom_ClevelandOH,DetroitMI,ClevelandOH,170,1,1,0,0.1,IT,
DetroitMI_tofrom_AnnArborMI,DetroitMI,AnnArborMI,44,1,0,1,0.08,IT,
DetroitMI_tofrom_ColumbusOH_on_I75S,DetroitMI,ColumbusOH,199,1,1,1,0.1,IT,
ToledoOH_tofrom_ColumbusOH_on_I75S,ToledoOH,ColumbusOH,138,1,1,0,0.1,IT,
ToledoOH_tofrom_ClevelandOH,ToledoOH,ClevelandOH,114,0,0,0,0,IT,
AnnArborMI_tofrom_ClevelandOH,AnnArborMI,ClevelandOH,168,1,1,0,0.1,IT,
AnnArborMI_tofrom_ColumbusOH,AnnArborMI,ColumbusOH,189,1,0,1,0.08,IT,
ChicagoIL_tofrom_ToledoOH,ChicagoIL,ToledoOH,161,0,0,0,0,IT,
CincinnatiOH_tofrom_ToledoOH,CincinnatiOH,ToledoOH,179,0,1,0,0.04,IT,
Tuscaloosa_tofrom_ColumbusMS,TuscaloosaAL,ColumbusMS,59,1,1,0,0.1,IT,
Springfield_tofrom_Franklin,SpringfieldTN,NashvilleTN,29,1,0,0,0.08,IT,
Franklin_tofrom_Nashville,FranklinTN,NashvilleTN,22,1,1,0,0.1,IT,
Chattanooga_tofrom_Atlanta_on_I75S,ChattanoogaTN,AtlantaGA,118,1,0,0,0.08,IT,
Franklin_tofrom_Huntsville_on_I65S,FranklinTN,HuntsvilleAL,95,1,1,0,0.1,IT,
Atlanta_tofrom_Athens_on_I85N,AtlantaGA,AthensGA,73,1,1,1,0.1,IT,
Macon_tofrom_Montrose,MaconGA,MontroseGA,38,1,1,1,0.1,IT,
Montrose_tofrom_Savannah_on_I16E,MontroseGA,SavannahGA,130,1,1,0,0.1,IT,
Savannah_tofrom_Jacksonville_on_I16E,SavannahGA,JacksonvilleFL,139,1,1,1,0.1,IT,
Jacksonville_tofrom_Orlando_on_I95S,JacksonvilleFL,OrlandoFL,141,1,0,0,0.08,IT,
Orlando_tofrom_WestPalmBeach_on_FL704E,OrlandoFL,WestPalmBeachFL,170,1,1,1,0.1,IT,
WestPalmBeach_tofrom_Miami_on_I95S,WestPalmBeachFL,MiamiFL,71.6,0,0,0,0,IT,
Miami_tofrom_FortMyers_on_I75N,MiamiFL,FortMyersFL,157,0,0,0,0,IT,
FortMyers_tofrom_Tampa_on_I75N,FortMyersFL,TampaFL,127,1,1,1,0.1,IT,
Tampa_tofrom_Gainesville_on_I75N,TampaFL,GainesvilleFL,130,1,1,1,0.1,IT,
Gainesville_tofrom_Tallahassee_on_I75N,GainesvilleFL,TallahasseeFL,150,0,0,1,0.02,IT,
Tallahassee_tofrom_Macon_on_I75N,TallahasseeFL,MaconGA,185,1,0,0,0.08,IT,
Macon_tofrom_Atlanta_on_I75N,MaconGA,AtlantaGA,83.3,1,0,1,0.08,IT,
BloomingtonIN_tofrom_IndianapolisIN,BloomingtonIN,IndianapolisIN,51,0,1,0,0.04,IT,
ManchesterTN_tofrom_MurfreesboroTN,ManchesterTN,MurfreesboroTN,33,1,1,0,0.1,IT,
KingsBayFL_tofrom_TampaFL,KingsBayFL,TampaFL,81,1,0,0,0.08,IT,
KingsBayFL_tofrom_OrlandaFL,KingsBayFL,OrlandoFL,95,1,1,0,0.1,IT,
TallahasseeFL_tofrom_KingsBayFL,TallahasseeFL,KingsBayFL,171,0,0,1,0.02,IT,
MartinTN_tofrom_ClarksvilleTN,MartinTN,ClarksvilleTN,95,0,0,1,0.02,IT,
CrestviewFL_tofrom_BlountstownFL,CrestviewFL,BlountstownFL,113,0,0,0,0,IT,
PensacolaFL_tofrom_CrestviewFL,PensacolaFL,CrestviewFL,53,1,1,0,0.1,IT,
PensacolaFL_tofrom_BlountstownFL,PensacolaFL,BlountstownFL,161,1,0,1,0.08,IT,
Murfreesboro_tofrom_Nashville_on_I24E,MurfreesboroTN,NashvilleTN,35,0,1,0,0.04,IT,
McMinnville_tofrom_Murfreesboro,McMinnvilleTN,MurfreesboroTN,40,0,0,0,0,IT,
McMinnville_tofrom_Chattanooga_on_I24E,McMinnvilleTN,ChattanoogaTN,74,1,0,0,0.08,IT,
Athens_tofrom_Chattanooga_on_I75N,AthensGA,ChattanoogaTN,176,0,1,0,0.04,IT,
Atlanta_tofrom_Montgomery_on_I85S,AtlantaGA,MontgomeryAL,161,1,1,1,0.1,IT,
Montgomery_tofrom_Birmingham_on_I65S,MontgomeryAL,BirminghamAL,90,1,0,1,0.08,IT,
Mobile_tofrom_Montgomery_on_I65S,MobileAL,MontgomeryAL,168,0,1,1,0.06,IT,
PanamaCity_tofrom_Pensacola,PanamaCityFL,PensacolaFL,138,1,1,0,0.1,IT,
Pensacola_tofrom_Mobile,PensacolaFL,MobileAL,59,0,0,1,0.02,IT,
Dothan_tofrom_PanamaCity_on_FL-77S,DothanAL,PanamaCityFL,82,0,0,0,0,IT,
Montgomery_tofrom_Dothan_on_US-231N,MontgomeryAL,DothanAL,108,1,1,1,0.1,IT,
Dothan_tofrom_Tallahassee_on_I10E,DothanAL,TallahasseeFL,103,0,1,0,0.04,IT,
AshlandCityTN_tofrom_NashvilleTN,AshlandCityTN,NashvilleTN,23,1,0,1,0.08,IT,
AshlandCityTN_tofrom_WhiteBluffTN,AshlandCityTN,WhiteBluffTN,15,0,0,1,0.02,IT,
WhiteBluffTN_tofrom_FranklinTN,WhiteBluffTN,FranklinTN,23,0,0,1,0.02,IT,
FranklinTN_tofrom_MurfreesboroTN,FranklinTN,MurfreesboroTN,38,0,0,0,0,IT,
Elizabethtown_tofrom_Campbellsville_on_KY-61N,ElizabethtownKY,CampbellsvilleKY,50,0,0,1,0.02,IT,
Campbellsville_tofrom_Somerset_on_KY-70E,CampbellsvilleKY,SomersetKY,66,0,0,1,0.02,IT,
Somerset_tofrom_Glasgow_on_Cumberland Pkwy,SomersetKY,GlasgowKY,78,1,0,0,0.08,IT,
Glasgow_tofrom_Nashville_on_I-65S,GlasgowKY,NashvilleTN,99,0,0,1,0.02,IT,
LittleRock_tofrom_Memphis_on_I40,MemphisTN,LittleRockAR,137,0,0,0,0,IT,
NewBoston_tofrom_LittleRock_on_I30,LittleRockAR,NewBostonTX,164,0,1,0,0.04,IT,
Dallas_tofrom_NewBoston_on_I30,NewBostonTX,DallasTX,156,0,0,0,0,IT,
StLouis_tofrom_Metropolis_on_I57_and_I64,StLouisMO,MetropolisIL,167,0,0,1,0.02,IT,
Colombia_tofrom_St.Louis_on_I64_and_I70,ColumbiaMO,StLouisMO,125,0,1,0,0.04,IT,
KansasCity_tofrom_Columbia_on_I70,KansasCityMO,ColumbiaMO,125,0,1,1,0.06,IT,
SiouxFalls_tofrom_Omaha_on_I29N,SiouxFallsSD,OmahaNE,181,0,0,1,0.02,IT,
Omaha_tofrom_KansasCity_on_I29N,OmahaNE,KansasCityMO,185,0,1,1,0.06,IT,
Vivian_tofrom_SiouxFallsSD_on_I29N,VivianSD,SiouxFallsSD,190,0,1,0,0.04,IT,
Sturgis_tofrom_Vivian_on_I90W,SturgisSD,VivianSD,184,1,1,1,0.1,IT,
LameDeer_tofrom_Sturgis_on_US-212W,LameDeerMT,SturgisSD,193,0,0,0,0,IT,
BigTimber_tofrom_LameDeer_on_I90W,BigTimberMT,LameDeerMT,185,1,0,1,0.08,IT,
DeerLodge_tofrom_BigTimber_on_I90W,DeerLodgeMT,BigTimberMT,182,0,0,0,0,IT,
Mullan_tofrom_DeerLodge_on_I90W,MullanID,DeerLodgeMT,191,1,1,0,0.1,IT,
MosesLake_tofrom_Mullan_on_I90W,MosesLakeWA,MullanID,190,1,0,1,0.08,IT,
Seattle_tofrom_MosesLake_on_I90W,SeattleWA,MosesLakeWA,177,1,1,0,0.1,IT,
Elizabethtown_tofrom_Nashville_on_I65N,ElizabethtownKY,NashvilleTN,134,1,0,0,0.08,IT,
Metropolis_tofrom_Elizabethtown_on_WesternKentuckyParkway,MetropolisIL,ElizabethtownKY,185,0,1,0,0.04,IT,
LosAngelesCA_tofrom_SantaBarbraCA_on_US-101N,LosAngelesCA,SantaBarbraCA,94.7,0,0,1,0.02,IT,
SanJose_tofrom_SanFrancisco_on_US-101N,SanJoseCA,SanFranciscoCA,48.5,0,1,0,0.04,IT,
LosAngelesCA_tofrom_IrvineCA_on_I-5S,LosAngelesCA,IrvineCA,40.2,0,0,1,0.02,IT,
Atlanta_tofrom_Augusta,AtlantaGA,AugustaGA,145,0,1,1,0.06,IT,
Charlotte_tofrom_Augusta,CharlotteNC,AugustaGA,164,0,0,1,0.02,IT,
Charlotte_tofrom_Raleigh,CharlotteNC,RaleighNC,166,0,1,1,0.06,IT,
Dora_tofrom_Amarillo_on_Route_60,DoraNM,AmarilloTX,140,0,1,1,0.06,IT,
Dora_tofrom_Roswell_on_Route_70,RoswellNM,DoraNM,86,0,0,0,0,IT,
Dora_tofrom_Carlsbad_on_Route_62,DoraNM,CarlsbadNM,144,1,1,0,0.1,IT,
Harrisonburg_tofrom_Baltimore_on_I66,HarrisonburgVA,BaltimoreMD,169,0,0,1,0.02,IT,
Harrisonburg_tofrom_Blacksburg_on_I81,HarrisonburgVA,BlacksburgVA,139,1,0,0,0.08,IT,
DuluthGA_tofrom_AthensGA,DuluthGA,AthensGA,51,0,0,1,0.02,IT,
DuluthGA_tofrom_AtlantaGA,DuluthGA,AtlantaGA,29,0,0,1,0.02,IT,
DuluthGA_tofrom_ChattanoogaTN,DuluthGA,ChattanoogaTN,122,1,0,0,0.08,IT,`
ChattanoogaTN_tofrom_MurfreesboroTN,ChattanoogaTN,MurfreesboroTN,102,1,1,1,0.1,IT,
GadsenAL_tofrom_AtlantaGA,GadsenAL,AtlantaGA,118,0,0,1,0.02,IT,
CookevilleTN_tofrom_FayettevilleTN,CookevilleTN,FayettevilleTN,109,1,1,1,0.1,IT,
FranklinTN_tofrom_FayettevilleTN,FranklinTN,FayettevilleTN,61,1,1,0,0.1,IT,
FayettevilleTN_tofrom_HuntsvilleAL,FayettevilleTN,HuntsvilleAL,31,0,0,1,0.02,IT,
AthensAL_tofrom_HuntsvilleAL,AthensAL,HuntsvilleAL,34,1,1,0,0.1,IT,
Dallas_tofrom_Austin,DallasTX,AustinTX,197,1,1,1,0.1,IT,
ArtesiaWells_tofrom_Monterrey,ArtesiaWellsTX,MonterreyNLMexico,194,1,0,1,0.08,IT,
MemphisTN_tofrom_ShilohTN,MemphisTN,ShilohTN,115,0,0,0,0,IT,
ColumbiaSC_tofrom_FayettevilleNC,ColumbiaSC,FayettevilleNC,166,1,0,1,0.08,IT,
SanDiego_tofrom_Yuma,SanDiegoCA,YumaAZ,172,1,1,0,0.1,IT,
Tucson_tofrom_Yuma,TucsonAZ,YumaAZ,236,0,1,1,0.06,IT,
Yuma_tofrom_Kingman,KingmanAZ,YumaAZ,215,1,1,0,0.1,IT,
